username,link
w__r_x7,https://www.instagram.com/w__r_x7
play.oud,https://www.instagram.com/play.oud
rehamkhalifaa,https://www.instagram.com/rehamkhalifaa
nooraffi,https://www.instagram.com/nooraffi
manal_94_photographer,https://www.instagram.com/manal_94_photographer
sel_3h,https://www.instagram.com/sel_3h
hlaroushdy,https://www.instagram.com/hlaroushdy
wedyanmohy,https://www.instagram.com/wedyanmohy
nelly.solimn,https://www.instagram.com/nelly.solimn
itsshaymasabry,https://www.instagram.com/itsshaymasabry
__0hm___,https://www.instagram.com/__0hm___
aijayaijay,https://www.instagram.com/aijayaijay
hishamgamalbb,https://www.instagram.com/hishamgamalbb
mariammakhlouf_,https://www.instagram.com/mariammakhlouf_
duhamukhtar,https://www.instagram.com/duhamukhtar
omar_abosheir,https://www.instagram.com/omar_abosheir
csmusicme,https://www.instagram.com/csmusicme
mohamed_ahmed21_95,https://www.instagram.com/mohamed_ahmed21_95
iamymsa,https://www.instagram.com/iamymsa
iamymsa,https://www.instagram.com/iamymsa
mohamed_ahmed21_95,https://www.instagram.com/mohamed_ahmed21_95
carmensolimanmagazine,https://www.instagram.com/carmensolimanmagazine
ken_ghazarian,https://www.instagram.com/ken_ghazarian
ken_ghazarian,https://www.instagram.com/ken_ghazarian
ultrascarmensolimanofficial,https://www.instagram.com/ultrascarmensolimanofficial
nadia_ha005,https://www.instagram.com/nadia_ha005
lovenlove7,https://www.instagram.com/lovenlove7
yassermohamed1966,https://www.instagram.com/yassermohamed1966
no_odiii11,https://www.instagram.com/no_odiii11
dr.maimonah,https://www.instagram.com/dr.maimonah
no_odiii11,https://www.instagram.com/no_odiii11
carmensolimanmagazine,https://www.instagram.com/carmensolimanmagazine
omar_abosheir,https://www.instagram.com/omar_abosheir
meryemalibouche,https://www.instagram.com/meryemalibouche
iro_199,https://www.instagram.com/iro_199
doola_007,https://www.instagram.com/doola_007
iamymsa,https://www.instagram.com/iamymsa
mhmmad_khader,https://www.instagram.com/mhmmad_khader
mostafagadofficial,https://www.instagram.com/mostafagadofficial
mjdly6812,https://www.instagram.com/mjdly6812
vocalcoachsherif,https://www.instagram.com/vocalcoachsherif
maifarouk,https://www.instagram.com/maifarouk
roserouge2014,https://www.instagram.com/roserouge2014
hajermohmeed3,https://www.instagram.com/hajermohmeed3
fatma.sharmy,https://www.instagram.com/fatma.sharmy
skin.byaziza,https://www.instagram.com/skin.byaziza
omar_abosheir,https://www.instagram.com/omar_abosheir
salma168,https://www.instagram.com/salma168
yasminekenawi,https://www.instagram.com/yasminekenawi
heba_mrahleh,https://www.instagram.com/heba_mrahleh
fato.ma6186,https://www.instagram.com/fato.ma6186
sosomatouk2014,https://www.instagram.com/sosomatouk2014
mjdly6812,https://www.instagram.com/mjdly6812
farahhnofal,https://www.instagram.com/farahhnofal
farahhnofal,https://www.instagram.com/farahhnofal
farahhnofal,https://www.instagram.com/farahhnofal
anwari.smail59,https://www.instagram.com/anwari.smail59
farahhnofal,https://www.instagram.com/farahhnofal
ahlamalshamsi,https://www.instagram.com/ahlamalshamsi
passantshams,https://www.instagram.com/passantshams
bilalalarabi,https://www.instagram.com/bilalalarabi
yasminekenawi,https://www.instagram.com/yasminekenawi
ghadeersh9,https://www.instagram.com/ghadeersh9
ultrascarmensolimanofficial,https://www.instagram.com/ultrascarmensolimanofficial
shmndr_,https://www.instagram.com/shmndr_
its_monshaly.249,https://www.instagram.com/its_monshaly.249
ali_jalal2002.0,https://www.instagram.com/ali_jalal2002.0
aseal_ayman,https://www.instagram.com/aseal_ayman
r_oo_za2004,https://www.instagram.com/r_oo_za2004
hanona_.527,https://www.instagram.com/hanona_.527
its_monshaly.249,https://www.instagram.com/its_monshaly.249
its_monshaly.249,https://www.instagram.com/its_monshaly.249
ali_jalal2002.0,https://www.instagram.com/ali_jalal2002.0
its_monshaly.249,https://www.instagram.com/its_monshaly.249
it.s_6_30,https://www.instagram.com/it.s_6_30
it.s_6_30,https://www.instagram.com/it.s_6_30
aseal_ayman,https://www.instagram.com/aseal_ayman
it.s_6_30,https://www.instagram.com/it.s_6_30
its_monshaly.249,https://www.instagram.com/its_monshaly.249
lady_brienne,https://www.instagram.com/lady_brienne
eng_roaaa,https://www.instagram.com/eng_roaaa
vitblomma2,https://www.instagram.com/vitblomma2
mais_mesho,https://www.instagram.com/mais_mesho
onsse_llami,https://www.instagram.com/onsse_llami
juliaalbadin,https://www.instagram.com/juliaalbadin
walaa_wahba1,https://www.instagram.com/walaa_wahba1
mhmmad_khader,https://www.instagram.com/mhmmad_khader
yarareda380,https://www.instagram.com/yarareda380
mira_souama,https://www.instagram.com/mira_souama
amthal.f,https://www.instagram.com/amthal.f
_goly__0,https://www.instagram.com/_goly__0
wafae_jarmouni,https://www.instagram.com/wafae_jarmouni
dr.arefehlotfi,https://www.instagram.com/dr.arefehlotfi
sandraa_habeeb,https://www.instagram.com/sandraa_habeeb
iulcow,https://www.instagram.com/iulcow
emy_shehade,https://www.instagram.com/emy_shehade
i.bashayer_,https://www.instagram.com/i.bashayer_
alaa.atawneh.904,https://www.instagram.com/alaa.atawneh.904
brie5488,https://www.instagram.com/brie5488
carmeur1,https://www.instagram.com/carmeur1
bolbola.5030,https://www.instagram.com/bolbola.5030
daliakhaled4116,https://www.instagram.com/daliakhaled4116
mohamed_ahmed21_95,https://www.instagram.com/mohamed_ahmed21_95
dr.maimonah,https://www.instagram.com/dr.maimonah
mennaemad_official,https://www.instagram.com/mennaemad_official
iamymsa,https://www.instagram.com/iamymsa
carmeur1,https://www.instagram.com/carmeur1
itsmonaa7mad,https://www.instagram.com/itsmonaa7mad
rviedt,https://www.instagram.com/rviedt
koka__faraj,https://www.instagram.com/koka__faraj
rafeefabedalkhaleq,https://www.instagram.com/rafeefabedalkhaleq
abeer.nabil.5,https://www.instagram.com/abeer.nabil.5
brie5488,https://www.instagram.com/brie5488
ayat_m_.2002,https://www.instagram.com/ayat_m_.2002
jija_nnn,https://www.instagram.com/jija_nnn
coeur1047,https://www.instagram.com/coeur1047
samasm_20,https://www.instagram.com/samasm_20
bassma__saleh,https://www.instagram.com/bassma__saleh
dr.maimonah,https://www.instagram.com/dr.maimonah
carmeur1,https://www.instagram.com/carmeur1
english_330,https://www.instagram.com/english_330
dodet.93,https://www.instagram.com/dodet.93
yaseer_salah0,https://www.instagram.com/yaseer_salah0
ussrezzat,https://www.instagram.com/ussrezzat
fato.ma6186,https://www.instagram.com/fato.ma6186
dm7armeh,https://www.instagram.com/dm7armeh
abuahmedmahmoud2008,https://www.instagram.com/abuahmedmahmoud2008
atraf_wardih,https://www.instagram.com/atraf_wardih
mxij.88,https://www.instagram.com/mxij.88
nosanorkw33,https://www.instagram.com/nosanorkw33
fatma.r2895,https://www.instagram.com/fatma.r2895
vll2tt,https://www.instagram.com/vll2tt
rezan.muh,https://www.instagram.com/rezan.muh
huda.rn,https://www.instagram.com/huda.rn
l.alroomi,https://www.instagram.com/l.alroomi
iambissan,https://www.instagram.com/iambissan
ruqae.aali,https://www.instagram.com/ruqae.aali
meryemalibouche,https://www.instagram.com/meryemalibouche
rihamfarhan,https://www.instagram.com/rihamfarhan
english_330,https://www.instagram.com/english_330
noura_tawil369,https://www.instagram.com/noura_tawil369
aya_hakim122,https://www.instagram.com/aya_hakim122
tottiaga,https://www.instagram.com/tottiaga
no_odiii11,https://www.instagram.com/no_odiii11
mohamed_ahmed21_95,https://www.instagram.com/mohamed_ahmed21_95
doha_love39,https://www.instagram.com/doha_love39
ramona.designs,https://www.instagram.com/ramona.designs
hananehadjou,https://www.instagram.com/hananehadjou
omar_abosheir,https://www.instagram.com/omar_abosheir
alansarikhawla,https://www.instagram.com/alansarikhawla
doha_love39,https://www.instagram.com/doha_love39
doha_love39,https://www.instagram.com/doha_love39
meryemalibouche,https://www.instagram.com/meryemalibouche
adnandukmak,https://www.instagram.com/adnandukmak
carmeur1,https://www.instagram.com/carmeur1
mohamed_sh3ban95,https://www.instagram.com/mohamed_sh3ban95
9827mhmwd,https://www.instagram.com/9827mhmwd
bolbola.5030,https://www.instagram.com/bolbola.5030
carmeur1,https://www.instagram.com/carmeur1
dorra_khedher,https://www.instagram.com/dorra_khedher
cap__abdallah,https://www.instagram.com/cap__abdallah
ultrascarmensolimanofficial,https://www.instagram.com/ultrascarmensolimanofficial
hassan.algmal72,https://www.instagram.com/hassan.algmal72
nevein_awad25,https://www.instagram.com/nevein_awad25
itsmonaa7mad,https://www.instagram.com/itsmonaa7mad
meryemalibouche,https://www.instagram.com/meryemalibouche
english_330,https://www.instagram.com/english_330
dahoom.900l,https://www.instagram.com/dahoom.900l
hassasanq,https://www.instagram.com/hassasanq
shoukita,https://www.instagram.com/shoukita
estabrqqussai,https://www.instagram.com/estabrqqussai
haboosh_suleiman_,https://www.instagram.com/haboosh_suleiman_
amirabardan,https://www.instagram.com/amirabardan
s0s113,https://www.instagram.com/s0s113
genaattar,https://www.instagram.com/genaattar
springtale95,https://www.instagram.com/springtale95
iq_12_safa,https://www.instagram.com/iq_12_safa
merfat.tamma,https://www.instagram.com/merfat.tamma
rihab_311,https://www.instagram.com/rihab_311
zcriz,https://www.instagram.com/zcriz
ameni_jrad,https://www.instagram.com/ameni_jrad
raniakb86,https://www.instagram.com/raniakb86
i.m.a.n_a_b,https://www.instagram.com/i.m.a.n_a_b
ameni_jrad,https://www.instagram.com/ameni_jrad
00.00.00.05,https://www.instagram.com/00.00.00.05
sosi.n0,https://www.instagram.com/sosi.n0
sosi.n0,https://www.instagram.com/sosi.n0
sosi.n0,https://www.instagram.com/sosi.n0
forscru,https://www.instagram.com/forscru
naya.kabani.39,https://www.instagram.com/naya.kabani.39
netflix.lebanon,https://www.instagram.com/netflix.lebanon
zozomadrid99,https://www.instagram.com/zozomadrid99
sallyaboujaoude,https://www.instagram.com/sallyaboujaoude
carmenbsaibes.fans2,https://www.instagram.com/carmenbsaibes.fans2
sosi.n0,https://www.instagram.com/sosi.n0
carmenbsaibes__fan_,https://www.instagram.com/carmenbsaibes__fan_
forscru,https://www.instagram.com/forscru
r_s.z._,https://www.instagram.com/r_s.z._
genaattar,https://www.instagram.com/genaattar
zcriz,https://www.instagram.com/zcriz
lolita10_www,https://www.instagram.com/lolita10_www
carmenbsaibes_fanz4,https://www.instagram.com/carmenbsaibes_fanz4
carmenbsaibes__adorer,https://www.instagram.com/carmenbsaibes__adorer
sosi.n0,https://www.instagram.com/sosi.n0
sosi.n0,https://www.instagram.com/sosi.n0
zozomadrid99,https://www.instagram.com/zozomadrid99
carmenbsaibes__adorer,https://www.instagram.com/carmenbsaibes__adorer
carmenbsaibes_fanz4,https://www.instagram.com/carmenbsaibes_fanz4
raniasalwan,https://www.instagram.com/raniasalwan
from_ksa_es,https://www.instagram.com/from_ksa_es
carmenbsaibes__adorer,https://www.instagram.com/carmenbsaibes__adorer
carmenbsaibes__adorer,https://www.instagram.com/carmenbsaibes__adorer
carmenbsaibes__adorer,https://www.instagram.com/carmenbsaibes__adorer
mayssalabdine,https://www.instagram.com/mayssalabdine
forscru,https://www.instagram.com/forscru
forscru,https://www.instagram.com/forscru
forscru,https://www.instagram.com/forscru
sosi.n0,https://www.instagram.com/sosi.n0
forscru,https://www.instagram.com/forscru
carmenbsaibes.princess,https://www.instagram.com/carmenbsaibes.princess
miasaiid,https://www.instagram.com/miasaiid
sosi.n0,https://www.instagram.com/sosi.n0
layanseditsss,https://www.instagram.com/layanseditsss
raniasalwan,https://www.instagram.com/raniasalwan
sosi.n0,https://www.instagram.com/sosi.n0
ritahayek,https://www.instagram.com/ritahayek
mayssalabdine,https://www.instagram.com/mayssalabdine
lama88830,https://www.instagram.com/lama88830
mayssalabdine,https://www.instagram.com/mayssalabdine
mimi_mimo2005,https://www.instagram.com/mimi_mimo2005
to_ta9318,https://www.instagram.com/to_ta9318
sosi.n0,https://www.instagram.com/sosi.n0
sosi.n0,https://www.instagram.com/sosi.n0
stephanieatalaofficial,https://www.instagram.com/stephanieatalaofficial
carmenbsaibes.fans2,https://www.instagram.com/carmenbsaibes.fans2
w__t7n,https://www.instagram.com/w__t7n
11sabah_,https://www.instagram.com/11sabah_
r_s.z._,https://www.instagram.com/r_s.z._
carmenbsaibes.princess,https://www.instagram.com/carmenbsaibes.princess
janet_nassar,https://www.instagram.com/janet_nassar
rawanalmhmed,https://www.instagram.com/rawanalmhmed
manarghoniem5452,https://www.instagram.com/manarghoniem5452
mayssalabdine,https://www.instagram.com/mayssalabdine
sedkyhelana,https://www.instagram.com/sedkyhelana
miasaiid,https://www.instagram.com/miasaiid
ghhdhheiu,https://www.instagram.com/ghhdhheiu
amirahassan134,https://www.instagram.com/amirahassan134
mr_meshaal89,https://www.instagram.com/mr_meshaal89
moniaghannouchi,https://www.instagram.com/moniaghannouchi
hager22__,https://www.instagram.com/hager22__
a_lyan90,https://www.instagram.com/a_lyan90
alaaalzuabi,https://www.instagram.com/alaaalzuabi
moonkamarmoon,https://www.instagram.com/moonkamarmoon
chanawaniomar,https://www.instagram.com/chanawaniomar
jennyfer.azar,https://www.instagram.com/jennyfer.azar
omaarashraf,https://www.instagram.com/omaarashraf
chanawaniomar,https://www.instagram.com/chanawaniomar
sherifelsayed12,https://www.instagram.com/sherifelsayed12
takla_s.hl,https://www.instagram.com/takla_s.hl
carmenbsaibes_fanz4,https://www.instagram.com/carmenbsaibes_fanz4
imenbenh,https://www.instagram.com/imenbenh
carmenbsaibes_fanz4,https://www.instagram.com/carmenbsaibes_fanz4
carmenbsaibes.fans2,https://www.instagram.com/carmenbsaibes.fans2
salam.dwikat,https://www.instagram.com/salam.dwikat
nour.kay,https://www.instagram.com/nour.kay
miasaiid,https://www.instagram.com/miasaiid
raniasalwan,https://www.instagram.com/raniasalwan
kareneid,https://www.instagram.com/kareneid
lydzlydz1,https://www.instagram.com/lydzlydz1
gossipsonline_,https://www.instagram.com/gossipsonline_
eliefahed,https://www.instagram.com/eliefahed
genaattar,https://www.instagram.com/genaattar
chanawaniomar,https://www.instagram.com/chanawaniomar
genaattar,https://www.instagram.com/genaattar
faresyaghi,https://www.instagram.com/faresyaghi
salam.dwikat,https://www.instagram.com/salam.dwikat
danyibrahimofficial,https://www.instagram.com/danyibrahimofficial
carmenbsaibes_fanz4,https://www.instagram.com/carmenbsaibes_fanz4
carmenbsaibes_fanz4,https://www.instagram.com/carmenbsaibes_fanz4
razanejammal,https://www.instagram.com/razanejammal
aiman.abdulsalam_,https://www.instagram.com/aiman.abdulsalam_
carmenbsaibes.fans2,https://www.instagram.com/carmenbsaibes.fans2
carmen_lebbos,https://www.instagram.com/carmen_lebbos
charbelkamel,https://www.instagram.com/charbelkamel
hossein_ardestani,https://www.instagram.com/hossein_ardestani
bouliboulaa,https://www.instagram.com/bouliboulaa
carmenbsaibes_palestinianfans,https://www.instagram.com/carmenbsaibes_palestinianfans
alaaalzuabi,https://www.instagram.com/alaaalzuabi
genaattar,https://www.instagram.com/genaattar
carmenbsaibes_fanz4,https://www.instagram.com/carmenbsaibes_fanz4
sosi.n0,https://www.instagram.com/sosi.n0
rabia.rabia3,https://www.instagram.com/rabia.rabia3
carmenbsaibes_fanz4,https://www.instagram.com/carmenbsaibes_fanz4
carmenbsaibes_fanz4,https://www.instagram.com/carmenbsaibes_fanz4
singtotop,https://www.instagram.com/singtotop
carmenbsaibes_fanz4,https://www.instagram.com/carmenbsaibes_fanz4
hayamagazine,https://www.instagram.com/hayamagazine
simamaalouf,https://www.instagram.com/simamaalouf
salam.dwikat,https://www.instagram.com/salam.dwikat
faresyaghi,https://www.instagram.com/faresyaghi
naim.francesca,https://www.instagram.com/naim.francesca
hudaelmufti,https://www.instagram.com/hudaelmufti
byelsn,https://www.instagram.com/byelsn
ysmynhmd7727,https://www.instagram.com/ysmynhmd7727
mayssalabdine,https://www.instagram.com/mayssalabdine
carmenbsaibes.fans2,https://www.instagram.com/carmenbsaibes.fans2
carmenbsaibes_fanz4,https://www.instagram.com/carmenbsaibes_fanz4
taklachamounofficial,https://www.instagram.com/taklachamounofficial
rolaadel__,https://www.instagram.com/rolaadel__
carmenbsaibes__adorer,https://www.instagram.com/carmenbsaibes__adorer
genaattar,https://www.instagram.com/genaattar
sosi.n0,https://www.instagram.com/sosi.n0
thurfarr_,https://www.instagram.com/thurfarr_
carmenbsaibes.princess,https://www.instagram.com/carmenbsaibes.princess
salam.dwikat,https://www.instagram.com/salam.dwikat
thurfarr_,https://www.instagram.com/thurfarr_
carmenbsaibes_fanz4,https://www.instagram.com/carmenbsaibes_fanz4
genaattar,https://www.instagram.com/genaattar
mayssalabdine,https://www.instagram.com/mayssalabdine
ebtihaj1221,https://www.instagram.com/ebtihaj1221
_its_pretty.girl,https://www.instagram.com/_its_pretty.girl
tame_r5293,https://www.instagram.com/tame_r5293
mmmaya19,https://www.instagram.com/mmmaya19
sami_shajrah,https://www.instagram.com/sami_shajrah
siahmedabdkader,https://www.instagram.com/siahmedabdkader
arkanali161,https://www.instagram.com/arkanali161
raghad.almarabah,https://www.instagram.com/raghad.almarabah
youssf_essam96,https://www.instagram.com/youssf_essam96
lama88830,https://www.instagram.com/lama88830
lama88830,https://www.instagram.com/lama88830
lama88830,https://www.instagram.com/lama88830
genaattar,https://www.instagram.com/genaattar
lama88830,https://www.instagram.com/lama88830
mayssalabdine,https://www.instagram.com/mayssalabdine
lqysr2747,https://www.instagram.com/lqysr2747
bahiagemail,https://www.instagram.com/bahiagemail
bp_jm4,https://www.instagram.com/bp_jm4
leentaha713,https://www.instagram.com/leentaha713
mamrt_6,https://www.instagram.com/mamrt_6
_.mulham,https://www.instagram.com/_.mulham
mnhhjh__,https://www.instagram.com/mnhhjh__
55cp,https://www.instagram.com/55cp
basma.elwakeel,https://www.instagram.com/basma.elwakeel
thevipjeweller,https://www.instagram.com/thevipjeweller
amerwadii,https://www.instagram.com/amerwadii
metasocial.official,https://www.instagram.com/metasocial.official
pelitecars,https://www.instagram.com/pelitecars
badridin.93,https://www.instagram.com/badridin.93
pelitecars,https://www.instagram.com/pelitecars
mrdubaicars,https://www.instagram.com/mrdubaicars
dreamdrive_dubai,https://www.instagram.com/dreamdrive_dubai
matrixauto.ae,https://www.instagram.com/matrixauto.ae
ayyankhann25,https://www.instagram.com/ayyankhann25
amerwadii,https://www.instagram.com/amerwadii
numaaaan1,https://www.instagram.com/numaaaan1
pelitecars,https://www.instagram.com/pelitecars
amerwadii,https://www.instagram.com/amerwadii
mathis.gwen,https://www.instagram.com/mathis.gwen
remik_official,https://www.instagram.com/remik_official
naimovalola,https://www.instagram.com/naimovalola
sayyadibraheem20,https://www.instagram.com/sayyadibraheem20
destinoviagenslondrina,https://www.instagram.com/destinoviagenslondrina
kingoptions_rentals_,https://www.instagram.com/kingoptions_rentals_
excellent_way_,https://www.instagram.com/excellent_way_
nadeem13009,https://www.instagram.com/nadeem13009
ahmed.kais_off,https://www.instagram.com/ahmed.kais_off
wishmeballoons,https://www.instagram.com/wishmeballoons
jawdataccounting,https://www.instagram.com/jawdataccounting
kingoptions_rentals_,https://www.instagram.com/kingoptions_rentals_
kingoptions_rentals_,https://www.instagram.com/kingoptions_rentals_
ashn_ika16,https://www.instagram.com/ashn_ika16
isia.nw,https://www.instagram.com/isia.nw
hellohihey9580,https://www.instagram.com/hellohihey9580
classicdonicia,https://www.instagram.com/classicdonicia
georgesawyr,https://www.instagram.com/georgesawyr
inked_shrinkydink_93,https://www.instagram.com/inked_shrinkydink_93
naturalindelibleforce,https://www.instagram.com/naturalindelibleforce
engaliking,https://www.instagram.com/engaliking
sapphire.starlight.magic,https://www.instagram.com/sapphire.starlight.magic
sondra.venice,https://www.instagram.com/sondra.venice
umit_celiker_,https://www.instagram.com/umit_celiker_
mr_kneegrow,https://www.instagram.com/mr_kneegrow
kingchepe,https://www.instagram.com/kingchepe
andreinaking22,https://www.instagram.com/andreinaking22
andreinaking22,https://www.instagram.com/andreinaking22
chrisjtrades,https://www.instagram.com/chrisjtrades
maybeyoullfindout,https://www.instagram.com/maybeyoullfindout
flyguygraphicsjax,https://www.instagram.com/flyguygraphicsjax
_.demacus,https://www.instagram.com/_.demacus
james.01.24,https://www.instagram.com/james.01.24
_.demacus,https://www.instagram.com/_.demacus
celiaelena_,https://www.instagram.com/celiaelena_
crazybertha,https://www.instagram.com/crazybertha
cheif_717,https://www.instagram.com/cheif_717
abdullahe.42,https://www.instagram.com/abdullahe.42
raqi_4real,https://www.instagram.com/raqi_4real
cdainoakland,https://www.instagram.com/cdainoakland
calibaby199111,https://www.instagram.com/calibaby199111
justiceforchampenelle,https://www.instagram.com/justiceforchampenelle
mhd.abdaan_,https://www.instagram.com/mhd.abdaan_
xtremosurf,https://www.instagram.com/xtremosurf
agreatone__jsanti,https://www.instagram.com/agreatone__jsanti
jcarp02,https://www.instagram.com/jcarp02
blazewthugness,https://www.instagram.com/blazewthugness
tdamore74,https://www.instagram.com/tdamore74
chillonthisaccount,https://www.instagram.com/chillonthisaccount
treasure.every.moment,https://www.instagram.com/treasure.every.moment
ladyy_lc,https://www.instagram.com/ladyy_lc
nightnurse01,https://www.instagram.com/nightnurse01
starringamberr,https://www.instagram.com/starringamberr
ashleyyy1998_poo,https://www.instagram.com/ashleyyy1998_poo
aleecyahmay,https://www.instagram.com/aleecyahmay
mamadagreatt,https://www.instagram.com/mamadagreatt
si_amun_kwabena,https://www.instagram.com/si_amun_kwabena
sa_lenialeone,https://www.instagram.com/sa_lenialeone
terranceallen1989,https://www.instagram.com/terranceallen1989
s810leo3,https://www.instagram.com/s810leo3
freakymarko,https://www.instagram.com/freakymarko
officialkenbarbie,https://www.instagram.com/officialkenbarbie
official_tomray,https://www.instagram.com/official_tomray
freakymarko,https://www.instagram.com/freakymarko
nkiasana,https://www.instagram.com/nkiasana
andimhope,https://www.instagram.com/andimhope
shanrockdablock,https://www.instagram.com/shanrockdablock
celebslovesbardi,https://www.instagram.com/celebslovesbardi
fezan2019,https://www.instagram.com/fezan2019
nkiasana,https://www.instagram.com/nkiasana
graylingpurnell,https://www.instagram.com/graylingpurnell
itsrevleon,https://www.instagram.com/itsrevleon
freakymarko,https://www.instagram.com/freakymarko
eserichyrg,https://www.instagram.com/eserichyrg
ikingburt,https://www.instagram.com/ikingburt
freakymarko,https://www.instagram.com/freakymarko
nikkitarara,https://www.instagram.com/nikkitarara
tayontheinternet_,https://www.instagram.com/tayontheinternet_
serialintrepreneur,https://www.instagram.com/serialintrepreneur
ilyximani,https://www.instagram.com/ilyximani
iiamlamonte,https://www.instagram.com/iiamlamonte
shatondra_,https://www.instagram.com/shatondra_
stephlova81_,https://www.instagram.com/stephlova81_
itsneshiak,https://www.instagram.com/itsneshiak
serialintrepreneur,https://www.instagram.com/serialintrepreneur
a_lorde79,https://www.instagram.com/a_lorde79
celebslovesbardi,https://www.instagram.com/celebslovesbardi
serialintrepreneur,https://www.instagram.com/serialintrepreneur
mspattilabelle,https://www.instagram.com/mspattilabelle
jamielle.lws,https://www.instagram.com/jamielle.lws
yaboygh,https://www.instagram.com/yaboygh
pyt.miyah.j,https://www.instagram.com/pyt.miyah.j
echeniquerussa_,https://www.instagram.com/echeniquerussa_
tygandaa,https://www.instagram.com/tygandaa
faybele,https://www.instagram.com/faybele
chula29e,https://www.instagram.com/chula29e
nellahfrosh,https://www.instagram.com/nellahfrosh
forever___waldah,https://www.instagram.com/forever___waldah
therealgabe,https://www.instagram.com/therealgabe
stacey_robinson_24,https://www.instagram.com/stacey_robinson_24
1frenchiee,https://www.instagram.com/1frenchiee
mxixh,https://www.instagram.com/mxixh
nickiminaj___queen,https://www.instagram.com/nickiminaj___queen
kaitiebug,https://www.instagram.com/kaitiebug
ashki_tv,https://www.instagram.com/ashki_tv
abbyw2772,https://www.instagram.com/abbyw2772
raviejae,https://www.instagram.com/raviejae
imallergictocolor,https://www.instagram.com/imallergictocolor
danobeleswell,https://www.instagram.com/danobeleswell
r0ziera,https://www.instagram.com/r0ziera
gaganwtf,https://www.instagram.com/gaganwtf
b2thep18,https://www.instagram.com/b2thep18
m.m.mirabela,https://www.instagram.com/m.m.mirabela
barbmaraj_,https://www.instagram.com/barbmaraj_
imgotty,https://www.instagram.com/imgotty
freakymarko,https://www.instagram.com/freakymarko
itsrevleon,https://www.instagram.com/itsrevleon
tmzlohan,https://www.instagram.com/tmzlohan
urbestboo,https://www.instagram.com/urbestboo
alpineprincess.xo,https://www.instagram.com/alpineprincess.xo
_kingach_,https://www.instagram.com/_kingach_
karranr_,https://www.instagram.com/karranr_
asma_albalushiya95,https://www.instagram.com/asma_albalushiya95
thebigbabyroom,https://www.instagram.com/thebigbabyroom
paligirl48,https://www.instagram.com/paligirl48
frizantina,https://www.instagram.com/frizantina
nasserjarboa,https://www.instagram.com/nasserjarboa
mhr2170,https://www.instagram.com/mhr2170
cydniechanel,https://www.instagram.com/cydniechanel
ali.3lush,https://www.instagram.com/ali.3lush
classicdonicia,https://www.instagram.com/classicdonicia
d_squared_11,https://www.instagram.com/d_squared_11
selena55509,https://www.instagram.com/selena55509
keithduerdy,https://www.instagram.com/keithduerdy
that_caligirl_wenwen,https://www.instagram.com/that_caligirl_wenwen
kiiy_is_winning,https://www.instagram.com/kiiy_is_winning
michaeldavincii,https://www.instagram.com/michaeldavincii
favoured_nahy,https://www.instagram.com/favoured_nahy
eyaaouichi,https://www.instagram.com/eyaaouichi
beya_saidene,https://www.instagram.com/beya_saidene
tugcebarinn,https://www.instagram.com/tugcebarinn
fh0163113,https://www.instagram.com/fh0163113
infosdisney1,https://www.instagram.com/infosdisney1
twink622,https://www.instagram.com/twink622
vintagesportscollectibles,https://www.instagram.com/vintagesportscollectibles
suicidesabyss,https://www.instagram.com/suicidesabyss
amandahill1423,https://www.instagram.com/amandahill1423
loyd35336,https://www.instagram.com/loyd35336
cleo_922,https://www.instagram.com/cleo_922
itz.rellyyy,https://www.instagram.com/itz.rellyyy
sra181,https://www.instagram.com/sra181
patekphillip1,https://www.instagram.com/patekphillip1
lovekriee,https://www.instagram.com/lovekriee
kiinngggg.__,https://www.instagram.com/kiinngggg.__
asi_jpeg,https://www.instagram.com/asi_jpeg
patekphillip1,https://www.instagram.com/patekphillip1
abdulrahman.h.z.b.s,https://www.instagram.com/abdulrahman.h.z.b.s
kkengod,https://www.instagram.com/kkengod
yellowbone_noworries,https://www.instagram.com/yellowbone_noworries
kimberlyklacik,https://www.instagram.com/kimberlyklacik
nialaniece,https://www.instagram.com/nialaniece
artystackz_,https://www.instagram.com/artystackz_
have_no_limits_,https://www.instagram.com/have_no_limits_
sasha_british1,https://www.instagram.com/sasha_british1
addorecapri,https://www.instagram.com/addorecapri
the.original_keke,https://www.instagram.com/the.original_keke
bnard392,https://www.instagram.com/bnard392
ms.gigichanel,https://www.instagram.com/ms.gigichanel
_lifeofjuju_,https://www.instagram.com/_lifeofjuju_
dumoutlilacertified_baccup,https://www.instagram.com/dumoutlilacertified_baccup
jennie.marie.13,https://www.instagram.com/jennie.marie.13
tasharochellethatwashacked,https://www.instagram.com/tasharochellethatwashacked
marlinsmom50,https://www.instagram.com/marlinsmom50
miku_sik_,https://www.instagram.com/miku_sik_
laquitagracefullybeautiful,https://www.instagram.com/laquitagracefullybeautiful
dez.duz.diz,https://www.instagram.com/dez.duz.diz
xavierb.animated,https://www.instagram.com/xavierb.animated
brazymatt420,https://www.instagram.com/brazymatt420
koko_barbz,https://www.instagram.com/koko_barbz
sa_lenialeone,https://www.instagram.com/sa_lenialeone
oshraat,https://www.instagram.com/oshraat
real_lil_kk,https://www.instagram.com/real_lil_kk
keepingupwithallvicky_,https://www.instagram.com/keepingupwithallvicky_
teeyoofficial,https://www.instagram.com/teeyoofficial
alaa_el_din1994,https://www.instagram.com/alaa_el_din1994
kaylany75,https://www.instagram.com/kaylany75
linchitza,https://www.instagram.com/linchitza
diorcolurs,https://www.instagram.com/diorcolurs
mrs314st.louie,https://www.instagram.com/mrs314st.louie
falonia,https://www.instagram.com/falonia
doordash,https://www.instagram.com/doordash
officialkenbarbie,https://www.instagram.com/officialkenbarbie
jackiei.kimotho,https://www.instagram.com/jackiei.kimotho
inaam5374,https://www.instagram.com/inaam5374
look_vod,https://www.instagram.com/look_vod
haneenhdr,https://www.instagram.com/haneenhdr
layalalekhtiar,https://www.instagram.com/layalalekhtiar
rana.a.nehme,https://www.instagram.com/rana.a.nehme
wissamwehbyhairstylist,https://www.instagram.com/wissamwehbyhairstylist
cynthiaabihanna,https://www.instagram.com/cynthiaabihanna
abdxrida,https://www.instagram.com/abdxrida
shoukranmortajaofficial,https://www.instagram.com/shoukranmortajaofficial
raninematar,https://www.instagram.com/raninematar
alyaltakash,https://www.instagram.com/alyaltakash
alyaltakash,https://www.instagram.com/alyaltakash
christelle__majed,https://www.instagram.com/christelle__majed
mhd_neemeh,https://www.instagram.com/mhd_neemeh
layalesaad,https://www.instagram.com/layalesaad
nadermarwani,https://www.instagram.com/nadermarwani
tonysahlani,https://www.instagram.com/tonysahlani
romeo_couture_officiel,https://www.instagram.com/romeo_couture_officiel
nouribrahimm,https://www.instagram.com/nouribrahimm
bobmoukarzel,https://www.instagram.com/bobmoukarzel
maysayegh,https://www.instagram.com/maysayegh
mike_kheir217,https://www.instagram.com/mike_kheir217
marvoutation,https://www.instagram.com/marvoutation
leab.bk,https://www.instagram.com/leab.bk
thesultana_75,https://www.instagram.com/thesultana_75
miriam_kassem_bk,https://www.instagram.com/miriam_kassem_bk
alimdjan44,https://www.instagram.com/alimdjan44
abonserjames,https://www.instagram.com/abonserjames
look_vod,https://www.instagram.com/look_vod
look_vod,https://www.instagram.com/look_vod
arpitasulakshana,https://www.instagram.com/arpitasulakshana
ahmedshams108,https://www.instagram.com/ahmedshams108
inaam5374,https://www.instagram.com/inaam5374
christelle__majed,https://www.instagram.com/christelle__majed
stephaniesalibaofficial,https://www.instagram.com/stephaniesalibaofficial
the.bkk,https://www.instagram.com/the.bkk
sherefa7380,https://www.instagram.com/sherefa7380
makeover_by_yasmine,https://www.instagram.com/makeover_by_yasmine
reemkhoury__,https://www.instagram.com/reemkhoury__
monica_atallah,https://www.instagram.com/monica_atallah
mohamed.sarmini.official,https://www.instagram.com/mohamed.sarmini.official
monica_atallah,https://www.instagram.com/monica_atallah
auroreezzedine,https://www.instagram.com/auroreezzedine
salamzhg,https://www.instagram.com/salamzhg
charleyhachem,https://www.instagram.com/charleyhachem
amalhair,https://www.instagram.com/amalhair
rolabeksmati,https://www.instagram.com/rolabeksmati
fabiomakary,https://www.instagram.com/fabiomakary
nanittococo,https://www.instagram.com/nanittococo
makeupbymirahaidar,https://www.instagram.com/makeupbymirahaidar
fatendabbous,https://www.instagram.com/fatendabbous
shaza_bazerbashi,https://www.instagram.com/shaza_bazerbashi
mhd_neemeh,https://www.instagram.com/mhd_neemeh
yahia.alabdullah,https://www.instagram.com/yahia.alabdullah
sham.96a,https://www.instagram.com/sham.96a
dadou._.fayad,https://www.instagram.com/dadou._.fayad
tajmil_teb_iran_saba,https://www.instagram.com/tajmil_teb_iran_saba
alishahrour1997,https://www.instagram.com/alishahrour1997
bvc5922,https://www.instagram.com/bvc5922
saraabikanaanofficial,https://www.instagram.com/saraabikanaanofficial
fatendabbous,https://www.instagram.com/fatendabbous
rolabeksmati,https://www.instagram.com/rolabeksmati
fatendabbous,https://www.instagram.com/fatendabbous
mhdalisukkar,https://www.instagram.com/mhdalisukkar
michel.khouryyy,https://www.instagram.com/michel.khouryyy
nourali.official,https://www.instagram.com/nourali.official
nadine_ezzedine,https://www.instagram.com/nadine_ezzedine
roulasleimanmakeupartist_,https://www.instagram.com/roulasleimanmakeupartist_
rawwnasad,https://www.instagram.com/rawwnasad
retatayara,https://www.instagram.com/retatayara
makeupbymirahaidar,https://www.instagram.com/makeupbymirahaidar
fatendabbous,https://www.instagram.com/fatendabbous
rana.a.nehme,https://www.instagram.com/rana.a.nehme
monica_atallah,https://www.instagram.com/monica_atallah
danasalahi,https://www.instagram.com/danasalahi
yahia.alabdullah,https://www.instagram.com/yahia.alabdullah
nanittococo,https://www.instagram.com/nanittococo
danahalabiworld,https://www.instagram.com/danahalabiworld
shaza_bazerbashi,https://www.instagram.com/shaza_bazerbashi
makeupbymirahaidar,https://www.instagram.com/makeupbymirahaidar
nourayoussef1,https://www.instagram.com/nourayoussef1
fatmanasserofficial,https://www.instagram.com/fatmanasserofficial
angelchristianroman,https://www.instagram.com/angelchristianroman
nanittococo,https://www.instagram.com/nanittococo
retatayara,https://www.instagram.com/retatayara
hatim_briak_hnedi,https://www.instagram.com/hatim_briak_hnedi
angelchristianroman,https://www.instagram.com/angelchristianroman
nanittococo,https://www.instagram.com/nanittococo
reemkhoury__,https://www.instagram.com/reemkhoury__
malak.jdeed,https://www.instagram.com/malak.jdeed
omziag,https://www.instagram.com/omziag
nuceryna1,https://www.instagram.com/nuceryna1
abeer.m.assaf,https://www.instagram.com/abeer.m.assaf
nanittococo,https://www.instagram.com/nanittococo
anastayara,https://www.instagram.com/anastayara
_malik_abdulhadi_,https://www.instagram.com/_malik_abdulhadi_
hbosaad6743,https://www.instagram.com/hbosaad6743
hbosaad6743,https://www.instagram.com/hbosaad6743
sond.os1919,https://www.instagram.com/sond.os1919
omziag,https://www.instagram.com/omziag
auroreezzedine,https://www.instagram.com/auroreezzedine
rouzainalazkani_,https://www.instagram.com/rouzainalazkani_
ayaaabihaidar,https://www.instagram.com/ayaaabihaidar
fatendabbous,https://www.instagram.com/fatendabbous
makeupbymirahaidar,https://www.instagram.com/makeupbymirahaidar
mnatallah,https://www.instagram.com/mnatallah
hanadimhabib,https://www.instagram.com/hanadimhabib
sola_bysun,https://www.instagram.com/sola_bysun
nanittococo,https://www.instagram.com/nanittococo
saraabikanaanofficial,https://www.instagram.com/saraabikanaanofficial
mirall_paris,https://www.instagram.com/mirall_paris
yassmina_fahmy,https://www.instagram.com/yassmina_fahmy
dr._randa_el_tawil,https://www.instagram.com/dr._randa_el_tawil
sadiqaomar1948,https://www.instagram.com/sadiqaomar1948
thehashtagad360,https://www.instagram.com/thehashtagad360
nanittococo,https://www.instagram.com/nanittococo
meena.rahhal,https://www.instagram.com/meena.rahhal
meena.rahhal,https://www.instagram.com/meena.rahhal
ange_marieakiki,https://www.instagram.com/ange_marieakiki
raneem_soleman,https://www.instagram.com/raneem_soleman
fatemabarudi,https://www.instagram.com/fatemabarudi
aliabushofa2005,https://www.instagram.com/aliabushofa2005
salima_benassar,https://www.instagram.com/salima_benassar
socialheist.collabs,https://www.instagram.com/socialheist.collabs
maishamdanoff,https://www.instagram.com/maishamdanoff
hadiafinejewellery,https://www.instagram.com/hadiafinejewellery
hamzahafez,https://www.instagram.com/hamzahafez
naelelsheikh,https://www.instagram.com/naelelsheikh
eliomoussallem,https://www.instagram.com/eliomoussallem
rori_mslni,https://www.instagram.com/rori_mslni
nanittococo,https://www.instagram.com/nanittococo
rori_mslni,https://www.instagram.com/rori_mslni
riham_muslmani_,https://www.instagram.com/riham_muslmani_
riham_muslmani_,https://www.instagram.com/riham_muslmani_
om.rakan.622,https://www.instagram.com/om.rakan.622
elie.khater,https://www.instagram.com/elie.khater
fadyraouf11,https://www.instagram.com/fadyraouf11
sadekmajed,https://www.instagram.com/sadekmajed
maguyboughosn,https://www.instagram.com/maguyboughosn
sandra___aldana,https://www.instagram.com/sandra___aldana
nicolasmaalouf.official,https://www.instagram.com/nicolasmaalouf.official
wardelkhalonset,https://www.instagram.com/wardelkhalonset
makeupbymirahaidar,https://www.instagram.com/makeupbymirahaidar
roulasleimanmakeupartist_,https://www.instagram.com/roulasleimanmakeupartist_
anastayara,https://www.instagram.com/anastayara
basmah_khyiat,https://www.instagram.com/basmah_khyiat
amellayariss,https://www.instagram.com/amellayariss
dr.noor369,https://www.instagram.com/dr.noor369
at.89a,https://www.instagram.com/at.89a
with_fatosh,https://www.instagram.com/with_fatosh
fulla_1f2,https://www.instagram.com/fulla_1f2
mahajaberr_,https://www.instagram.com/mahajaberr_
nabaalowi,https://www.instagram.com/nabaalowi
nono.ait,https://www.instagram.com/nono.ait
hooope23,https://www.instagram.com/hooope23
loubna_louliu,https://www.instagram.com/loubna_louliu
rasha.k.wasel,https://www.instagram.com/rasha.k.wasel
so.uma326,https://www.instagram.com/so.uma326
athbahalmuraikhi_,https://www.instagram.com/athbahalmuraikhi_
ghadeer.jassim,https://www.instagram.com/ghadeer.jassim
amna_alshawi,https://www.instagram.com/amna_alshawi
jojobwlis,https://www.instagram.com/jojobwlis
rawanealhadi,https://www.instagram.com/rawanealhadi
sana.f.obeid,https://www.instagram.com/sana.f.obeid
keepsmile_1,https://www.instagram.com/keepsmile_1
nahladib1,https://www.instagram.com/nahladib1
joumanatannous,https://www.instagram.com/joumanatannous
1389.rita,https://www.instagram.com/1389.rita
rawahbasheer,https://www.instagram.com/rawahbasheer
shurooqalkaiber,https://www.instagram.com/shurooqalkaiber
suzanneelsardouk,https://www.instagram.com/suzanneelsardouk
carinehamza,https://www.instagram.com/carinehamza
hananfayek,https://www.instagram.com/hananfayek
sarahnasr28,https://www.instagram.com/sarahnasr28
ranosh_y_kh_6,https://www.instagram.com/ranosh_y_kh_6
yamak_samar,https://www.instagram.com/yamak_samar
perlllita,https://www.instagram.com/perlllita
bayan.alzaben90,https://www.instagram.com/bayan.alzaben90
dinasakrd,https://www.instagram.com/dinasakrd
lesud2013,https://www.instagram.com/lesud2013
nissahayete,https://www.instagram.com/nissahayete
layal__khalil__,https://www.instagram.com/layal__khalil__
haniaitani,https://www.instagram.com/haniaitani
hanadarwiche,https://www.instagram.com/hanadarwiche
_marin.iere_,https://www.instagram.com/_marin.iere_
dr.lina.mortada,https://www.instagram.com/dr.lina.mortada
amna_alshawi,https://www.instagram.com/amna_alshawi
linafadlallah,https://www.instagram.com/linafadlallah
fatinaraham10,https://www.instagram.com/fatinaraham10
maha_hably,https://www.instagram.com/maha_hably
yasminakaiss,https://www.instagram.com/yasminakaiss
layal__khalil__,https://www.instagram.com/layal__khalil__
ranasheikh1,https://www.instagram.com/ranasheikh1
fa6im_21,https://www.instagram.com/fa6im_21
boushrabalkees,https://www.instagram.com/boushrabalkees
ishanimajumdar,https://www.instagram.com/ishanimajumdar
wasfat_3boora,https://www.instagram.com/wasfat_3boora
_____larra_____,https://www.instagram.com/_____larra_____
noma_shaker123,https://www.instagram.com/noma_shaker123
i7ur92,https://www.instagram.com/i7ur92
heba.khuzam,https://www.instagram.com/heba.khuzam
bsm.s.2020,https://www.instagram.com/bsm.s.2020
nisreenturkmani,https://www.instagram.com/nisreenturkmani
jjojjo1407aa,https://www.instagram.com/jjojjo1407aa
sandrabikandy,https://www.instagram.com/sandrabikandy
nawaraalili,https://www.instagram.com/nawaraalili
nahodaz,https://www.instagram.com/nahodaz
layal__khalil__,https://www.instagram.com/layal__khalil__
laratarabays,https://www.instagram.com/laratarabays
at.89a,https://www.instagram.com/at.89a
lesud2013,https://www.instagram.com/lesud2013
dinasakrd,https://www.instagram.com/dinasakrd
bint_benali,https://www.instagram.com/bint_benali
layal__khalil__,https://www.instagram.com/layal__khalil__
ali_houranyy,https://www.instagram.com/ali_houranyy
lifewithsweirah,https://www.instagram.com/lifewithsweirah
marie_m_jalkh_,https://www.instagram.com/marie_m_jalkh_
layal__khalil__,https://www.instagram.com/layal__khalil__
esraa_91,https://www.instagram.com/esraa_91
hanuoshka,https://www.instagram.com/hanuoshka
imenkimouche,https://www.instagram.com/imenkimouche
jehan_mazrawii,https://www.instagram.com/jehan_mazrawii
memeaanka,https://www.instagram.com/memeaanka
hanen.hr44,https://www.instagram.com/hanen.hr44
naofy12,https://www.instagram.com/naofy12
sqatrani,https://www.instagram.com/sqatrani
maalialkhateeb,https://www.instagram.com/maalialkhateeb
raniaarja,https://www.instagram.com/raniaarja
layal__khalil__,https://www.instagram.com/layal__khalil__
samira_iroua,https://www.instagram.com/samira_iroua
sohamatti,https://www.instagram.com/sohamatti
jlanar_r,https://www.instagram.com/jlanar_r
reemy25,https://www.instagram.com/reemy25
emoz681,https://www.instagram.com/emoz681
fa6im_21,https://www.instagram.com/fa6im_21
nawaraalili,https://www.instagram.com/nawaraalili
israa_ahmh,https://www.instagram.com/israa_ahmh
zer_ikram,https://www.instagram.com/zer_ikram
shahad_bent_adham,https://www.instagram.com/shahad_bent_adham
hebaelhakim,https://www.instagram.com/hebaelhakim
at.89a,https://www.instagram.com/at.89a
suha_7alim,https://www.instagram.com/suha_7alim
afraa_oubied,https://www.instagram.com/afraa_oubied
sanamoja116,https://www.instagram.com/sanamoja116
eva_alhakim,https://www.instagram.com/eva_alhakim
roula.ghaziri,https://www.instagram.com/roula.ghaziri
soha_essayli,https://www.instagram.com/soha_essayli
dianasamrout,https://www.instagram.com/dianasamrout
linaalshalati,https://www.instagram.com/linaalshalati
sara.m.masriii,https://www.instagram.com/sara.m.masriii
mahayzza,https://www.instagram.com/mahayzza
manalwheish,https://www.instagram.com/manalwheish
randbustami1090,https://www.instagram.com/randbustami1090
hananayfeh,https://www.instagram.com/hananayfeh
maiabushaban,https://www.instagram.com/maiabushaban
dija_moh,https://www.instagram.com/dija_moh
danakhatib7,https://www.instagram.com/danakhatib7
puansrirahayu,https://www.instagram.com/puansrirahayu
malakamer1,https://www.instagram.com/malakamer1
aishazaghlan,https://www.instagram.com/aishazaghlan
suzi.at,https://www.instagram.com/suzi.at
lama_m_hammad,https://www.instagram.com/lama_m_hammad
aline_hanna,https://www.instagram.com/aline_hanna
gufahadebo,https://www.instagram.com/gufahadebo
thabetyassmine7,https://www.instagram.com/thabetyassmine7
khetam712,https://www.instagram.com/khetam712
queennashwaa.369,https://www.instagram.com/queennashwaa.369
hamosa277,https://www.instagram.com/hamosa277
avarsalar1688,https://www.instagram.com/avarsalar1688
90s_chick_official,https://www.instagram.com/90s_chick_official
wasfat_3boora,https://www.instagram.com/wasfat_3boora
wej_wejj,https://www.instagram.com/wej_wejj
manalalsaifi77,https://www.instagram.com/manalalsaifi77
rehamalktheri,https://www.instagram.com/rehamalktheri
raniaarja,https://www.instagram.com/raniaarja
noni311,https://www.instagram.com/noni311
alia_hassan80,https://www.instagram.com/alia_hassan80
nawaraalili,https://www.instagram.com/nawaraalili
abeer_4s,https://www.instagram.com/abeer_4s
layal.m.aj,https://www.instagram.com/layal.m.aj
mkem.kawtar,https://www.instagram.com/mkem.kawtar
alaa.raddawi,https://www.instagram.com/alaa.raddawi
naemanan,https://www.instagram.com/naemanan
beauticianpoutique,https://www.instagram.com/beauticianpoutique
ranosh_y_kh_6,https://www.instagram.com/ranosh_y_kh_6
perladaddou,https://www.instagram.com/perladaddou
sana__brahim,https://www.instagram.com/sana__brahim
gabagool_tommy,https://www.instagram.com/gabagool_tommy
seanycorbs,https://www.instagram.com/seanycorbs
76ten10,https://www.instagram.com/76ten10
lhobbbs,https://www.instagram.com/lhobbbs
pjustus916,https://www.instagram.com/pjustus916
notemmyvasylenko,https://www.instagram.com/notemmyvasylenko
steveglandsberg,https://www.instagram.com/steveglandsberg
car_spotting_hub1,https://www.instagram.com/car_spotting_hub1
cars,https://www.instagram.com/cars
unavailable_vibe,https://www.instagram.com/unavailable_vibe
dam7owen,https://www.instagram.com/dam7owen
camarosociety,https://www.instagram.com/camarosociety
tattsderigo,https://www.instagram.com/tattsderigo
realwhyress,https://www.instagram.com/realwhyress
balake.k24,https://www.instagram.com/balake.k24
swansonsr20,https://www.instagram.com/swansonsr20
thatmoneylover,https://www.instagram.com/thatmoneylover
hwd.rio,https://www.instagram.com/hwd.rio
slappyking,https://www.instagram.com/slappyking
danieldavis_1965,https://www.instagram.com/danieldavis_1965
rodolphe.hrb,https://www.instagram.com/rodolphe.hrb
kennycakess,https://www.instagram.com/kennycakess
kyle_raymond20,https://www.instagram.com/kyle_raymond20
car_spotting_hub1,https://www.instagram.com/car_spotting_hub1
jackson.brandon.k,https://www.instagram.com/jackson.brandon.k
gmuftic,https://www.instagram.com/gmuftic
rhanley1621,https://www.instagram.com/rhanley1621
racer_martinez_33,https://www.instagram.com/racer_martinez_33
ww.whips,https://www.instagram.com/ww.whips
shari_schwick_wheels,https://www.instagram.com/shari_schwick_wheels
tailoredme_,https://www.instagram.com/tailoredme_
exhan,https://www.instagram.com/exhan
thecelebsnapper,https://www.instagram.com/thecelebsnapper
angelotsx09,https://www.instagram.com/angelotsx09
tonuliii,https://www.instagram.com/tonuliii
simplynasty,https://www.instagram.com/simplynasty
ericbm88,https://www.instagram.com/ericbm88
bmxlife134,https://www.instagram.com/bmxlife134
kennycakess,https://www.instagram.com/kennycakess
purvenm13,https://www.instagram.com/purvenm13
harley.fine,https://www.instagram.com/harley.fine
diegofigueredo7,https://www.instagram.com/diegofigueredo7
luka_hb,https://www.instagram.com/luka_hb
carfactnation,https://www.instagram.com/carfactnation
liamm875,https://www.instagram.com/liamm875
pceccilia,https://www.instagram.com/pceccilia
anditshaydo,https://www.instagram.com/anditshaydo
mc.truckin,https://www.instagram.com/mc.truckin
velocity.vortex,https://www.instagram.com/velocity.vortex
carfactnation,https://www.instagram.com/carfactnation
quinnsterkid,https://www.instagram.com/quinnsterkid
dam7owen,https://www.instagram.com/dam7owen
cljviking19,https://www.instagram.com/cljviking19
jsm280,https://www.instagram.com/jsm280
alysoon.h,https://www.instagram.com/alysoon.h
liam_curwen,https://www.instagram.com/liam_curwen
kodeblues,https://www.instagram.com/kodeblues
w9sbeforew2s,https://www.instagram.com/w9sbeforew2s
perez_5oh,https://www.instagram.com/perez_5oh
garrettlovell,https://www.instagram.com/garrettlovell
brandon.dyer58,https://www.instagram.com/brandon.dyer58
cgoncalves0717,https://www.instagram.com/cgoncalves0717
fdoolly,https://www.instagram.com/fdoolly
carfactnation,https://www.instagram.com/carfactnation
